feature_set,model,params,train_accuracy,val_accuracy,test_accuracy,test_macro_f1,test_family_accuracy,test_hazard_recall,seconds
handcrafted,gaussian_naive_bayes,{},0.4650691524393333,0.4076086956521739,0.40477315689981097,0.34731578919693434,0.5106332703213611,0.6016260162601627,0.7
handcrafted,lda,{},0.5259131668270935,0.47140831758034024,0.4766068052930057,0.3868865686888133,0.595226843100189,0.516260162601626,0.3
handcrafted,logistic_regression,"{""C"": 0.01}",0.6151274127362075,0.5231568998109641,0.5257561436672968,0.44805543548286864,0.6448487712665406,0.5663956639566395,19.5
handcrafted,linear_svm,"{""C"": 0.1}",0.5836161912964183,0.5118147448015122,0.5082703213610587,0.4168686400268497,0.622164461247637,0.502710027100271,86.7
handcrafted,rbf_svm,"{""C"": 10.0}",0.9888545519023253,0.7043950850661626,0.7105387523629489,0.6756424724846787,0.7939508506616257,0.7737127371273713,208.6
handcrafted,knn,"{""k"": 1}",0.993008764375095,0.6089319470699432,0.6141304347826086,0.5927257064631547,0.6880907372400756,0.505420054200542,2.9
handcrafted,random_forest,{},0.9936673590354121,0.569234404536862,0.5713610586011342,0.605707312367171,0.6474480151228733,0.43902439024390244,61.9
imagenet_frozen,gaussian_naive_bayes,{},0.8513602512791935,0.847117202268431,0.8454631379962193,0.8013155758046823,0.8901228733459358,0.9173441734417345,0.9
imagenet_frozen,lda,{},0.9036931962105477,0.8983931947069943,0.8953213610586012,0.842289421332329,0.9416351606805293,0.964769647696477,0.3
imagenet_frozen,logistic_regression,"{""C"": 0.01}",0.9604843203809716,0.9241493383742911,0.9250945179584121,0.886051629712813,0.9645557655954632,0.9769647696476965,10.4
imagenet_frozen,linear_svm,"{""C"": 0.01}",0.9497948224327474,0.9234404536862004,0.9191871455576559,0.8766969129904177,0.9605387523629489,0.975609756097561,40.1
imagenet_frozen,rbf_svm,"{""C"": 10.0}",0.9871827346876741,0.9387996219281664,0.9331285444234405,0.8987932426472086,0.97117202268431,0.981029810298103,75.0
imagenet_frozen,knn,"{""k"": 15}",0.9936673590354121,0.9175330812854442,0.9156427221172023,0.8731601083999738,0.9572306238185255,0.964769647696477,2.9
imagenet_frozen,random_forest,{},0.9936673590354121,0.9118620037807184,0.9151701323251418,0.8762915526356669,0.9534499054820416,0.9701897018970189,47.8
finetuned_embedding,gaussian_naive_bayes,{},0.9699072901362784,0.8861058601134215,0.8849243856332704,0.8655234491249972,0.9310018903591682,0.9715447154471545,0.2
finetuned_embedding,lda,{},0.9710218349460459,0.8967391304347826,0.8950850661625709,0.8671277879611008,0.9425803402646503,0.943089430894309,0.1
finetuned_embedding,logistic_regression,"{""C"": 0.01}",0.9762399311008663,0.8972117202268431,0.8924858223062382,0.8670716444625161,0.9376181474480151,0.9498644986449865,20.8
finetuned_embedding,linear_svm,"{""C"": 0.001}",0.9724403465221135,0.8998109640831758,0.8981568998109641,0.8675028936961459,0.945179584120983,0.9417344173441734,5.2
finetuned_embedding,rbf_svm,"{""C"": 1.0}",0.9763919144840164,0.8950850661625709,0.8922495274102079,0.8700326464289567,0.9352551984877127,0.9444444444444444,6.0
finetuned_embedding,knn,"{""k"": 15}",0.9936673590354121,0.8941398865784499,0.8967391304347826,0.8718492424967431,0.9416351606805293,0.9471544715447154,0.8
finetuned_embedding,random_forest,{},0.9936673590354121,0.8917769376181475,0.8887051039697542,0.8662798701759304,0.9321833648393195,0.94579945799458,11.9
